,date,id,published_on,title,body,url,imageurl,tags,categories
0,2022-03-11,27461084,1646988338,nOFTEN announces trade campaign with LBank,"The super rare and unique platform for artists and celebrities, nOFTEN is launching a trade campaign with the world-class digital asset exchange, LBank. nOFTEN is a unique project that offers artists and celebrities a platform to share their raw and artistic vibe to the world without borders. nOFTEN is a bustling NFT marketplace that puts [&#8230;]",https://ambcrypto.com/noften-announces-trade-campaign-with-lbank/,https://images.cryptocompare.com/news/default/ambcrypto.png,HideCryptopanic|Press Release|SPN News,Exchange|Sponsored
1,2022-03-11,27461083,1646987761,Buying big? Nearly 30K BTC leaves Coinbase Pro in 3 transactions,"If confirmed, someone could have made a serious commitment to BTC worth over $1 billion.",https://cointelegraph.com/news/buying-big-nearly-30k-btc-leaves-coinbase-pro-in-3-transactions,https://images.cryptocompare.com/news/default/cointelegraph.png,Bitcoin|BTC|coinbase|exchange|cryptocurrency,BTC|Exchange
2,2022-03-10,27460514,1646935249,One Year Old Warning From Bill Gates About Bitcoin Has Resurfaced,Gates said he doesn’t believe in Bitcoin and cautioned people to be careful when investing in cryptocurrency.Continue reading One Year Old Warning From Bill Gates About Bitcoin Has Resurfaced at DailyCoin.com.,https://dailycoin.com/one-year-old-warning-from-bill-gates-about-bitcoin-has-resurfaced/,https://images.cryptocompare.com/news/default/dailycoin.png,Bitcoin|Bill gates|bitcoin bullish|Bloomberg,BTC
3,2022-03-10,27460319,1646933901,Famous Author Robert Kiyosaki Warns of Biggest Bubble In World History,"According to the well-known author, we have entered the largest bubble in global history Kiyosaki often blamed President Biden, hisThe post has appeared first on thenewscrypto.com",https://thenewscrypto.com/famous-author-robert-kiyosaki-warns-of-biggest-bubble-in-world-history/,https://images.cryptocompare.com/news/default/thenewscrypto.png,Editors News|Bitcoin|Federal Reserve,BTC|Regulation
4,2022-03-09,27459357,1646866058,"Market Update: All Major Cryptos On Rise, Commodities Prices Also Increasing","The crypto market is currently rallying after news that President Biden signed an executive order, the first step towards regulating cryptocurrency. It comes out of concerns for Russia&#8217;s potential use of digitally mined coins to bypass economic sanctions during times. One of Singapore&#8217;s most prominent bank executives has compared crypto to gold, noting that he sees it continuing “to grow as a meaningful store-of-value&#8221; in the same vein. Related Reading &#124; Bitcoin Breaks Above $40K Again, But When Will Consolidation End? Crushing sanctions, the war in Ukraine, and record temperatures across much of Europe have sent prices for key commodities shooting up to levels unseen in recent times. The US indices were down yesterday after President Biden announced boycotting Russian energy imports. Top Cryptocurrencies Performance It is no surprise that Terra&#8217;s valuation has shot up, as it was recently listed on Wirex. However, the cryptocurrency added more than a fifth to its value today. And continues to push forward with aggressive momentum and could soon break $100. With Avalanche in the lead, up 10%, it announced its Multiverse program to encourage subnets growth. The program was funded by 4 million AVAX worth around $290 million. The coin was also listed on Bitstamp two days ago. Ethereum has been on an upward trend recently, climbing over 7%. Cardano and Solana also saw substantial gains, increasing 4% in...",https://www.newsbtc.com/news/market-update-cryptos-on-rise-commodities-prices-soaring/,https://images.cryptocompare.com/news/default/newsbtc.png,Cryptocurrency news|bitcoin|cryptocurrency|economic sanctions|ethereum|market update|Russia-Ukraine War,Market|BTC|ETH|Regulation|Fiat
5,2022-03-09,27459356,1646865478,“Responsible Development of Digital Assets”: Biden’s Executive Order Unpacked,,https://cryptobriefing.com/responsible-development-of-digital-assets-bidens-executive-order-unpacked/?utm_source=main_feed&utm_medium=rss,https://images.cryptocompare.com/news/default/cryptobriefing.png,Analysis|News|Biden Administration|CBDCs|Executive order|Regulation,Market|Regulation
6,2022-03-08,27457962,1646780236,Why Marathon Digital Deserves Serious Consideration,"Marathon Digital Holdings directly correlates with the price movement of Bitcoin.Investors should take into consideration the stock will be as volatile as Bitcoin.Bitcoin mined by the company in February jumped over 700% year-over-year; total cash on hand is at $493.2, and why that's important.",https://seekingalpha.com/article/4493863-why-marathon-digital-deserves-serious-consideration?utm_source=cryptocompare.com&utm_medium=referral,https://images.cryptocompare.com/news/default/seekingalpha.png,,Trading|Business
7,2022-03-08,27457955,1646780037,Crypto Trading Terminal Startup Suspends All Russian Accounts,"Other crypto exchanges, including Binance and FTX, have refused to issue a blanket ban to Russian customersThe post Crypto Trading Terminal Startup Suspends All Russian Accounts appeared first on Blockworks.",https://blockworks.co/crypto-trading-terminal-startup-suspends-all-russian-accounts/,https://images.cryptocompare.com/news/default/blockworks.png,Asset Management|Markets|Amar Gautam|Binance|Coinbase|FTX|HyperLinq|russia|sanctions,Exchange|Trading|Market
8,2022-03-07,27457167,1646693100,Bitcoin price rejection at $39K and mounting regulatory concerns tank the market again,"BTC price rejects near $40,000 as investors balk at an upcoming Biden administration executive order on crypto regulation.",https://cointelegraph.com/news/bitcoin-price-rejection-at-39k-and-mounting-regulatory-concerns-tank-the-market-again,https://images.cryptocompare.com/news/default/cointelegraph.png,,BTC|Trading|Market|Regulation|Business
9,2022-03-07,27457168,1646693100,"Cardano ($ADA) Whale Holdings Rose Over 40% to New High This Year, Data Shows","Whales on the Cardano ($ADA) blockchain have been on a buying spree to the point that their holdings have risen by more than 40% so far this year. The whale accumulation comes as developer activity on Cardano, as measured by GitHub commits, surges, along with its decentralized finance (DeFi) space. According to data from blockchain […]",https://www.cryptoglobe.com/latest/2022/03/cardano-ada-whale-holdings-rose-over-40-to-new-high-this-year-data-shows/,https://images.cryptocompare.com/news/cryptoglobe/9qik4G1imAF.jpeg,Altcoins|Cardano,ADA|Blockchain|Altcoin
10,2022-03-06,27456063,1646605853,Ukraine Uses Donated Crypto to Pay for Military Supplies — Government Says $50 Million in Crypto Raised in a Week,"The Ukrainian government announces that $50 million in cryptocurrency was raised within a week since Russia began its invasion of Ukraine. The government has so far spent $15 million in donated cryptocurrency to buy military supplies. Ukraine Government Spends $15 Million in Crypto on Military Supplies Alex Bornyakov, Ukraine&#x2019;s deputy minister of digital transformation, revealed [&#8230;]",https://news.bitcoin.com/ukraine-uses-donated-crypto-to-pay-for-military-supplies-government-says-50-million-in-crypto-raised-in-a-week/,https://images.cryptocompare.com/news/default/bitcoincom.png,Featured|buy military gear|Crypto Donations|Cryptocurrency Donations|donations|military supplies|ukrainian|Ukrainian Government,ICO|Sponsored
11,2022-03-06,27456062,1646604047,China Says Its Bitcoin Industry Is Pretty Much Dead,"The central bank of China has recently issued a report claiming that bitcoin trading in the country has fallen from about 90 percent to ten percent worldwide at the time of writing. China Bitcoin Trading Has Really Fallen Automatically, we feel a huge inclination to shout, “Duh!” at the bank’s representatives. If they are reporting...The post China Says Its Bitcoin Industry Is Pretty Much Dead appeared first on Live Bitcoin News.",https://www.livebitcoinnews.com/china-says-its-bitcoin-industry-is-pretty-much-dead/,https://images.cryptocompare.com/news/default/livebitcoinnews.png,Bitcoin Mining|Bitcoin News|Mine Bitcoin|News|china|digital yuan,BTC|Asia|Trading|Fiat
12,2022-03-05,27455775,1646520555,NFTs In A Nutshell: A Weekly Review,"As NFTs cool off this week, there&#8217;s still plenty of activity in the market. New music properties are making a splash, the SEC is investigating some areas of the NFT market, and there&#8217;s an abundance of discussion in the NFT community around OpenSea&#8217;s centralized decision-making around some geo-restricted access for users. Every weekday evening, we [&#8230;]",https://bitcoinist.com/nfts-in-a-nutshell-a-weekly-review-45/,https://images.cryptocompare.com/news/default/bitcoinist.png,NFT|nfts,Market|Regulation
13,2022-03-05,27455772,1646519459,NFT Infrastructure Provider Rarify Gets $10 Million Investment in Series A Funding Round Led by Pantera Capital,"Rarify, a startup that helps third parties include NFT elements in their tech platforms, has raised $10 million in its Series A funding round. The round was led by Pantera Capital, a leading cryptocurrency-based venture capital firm. The company has now reached a reported valuation of $100 billion amidst the rise in popularity NFTs are [&#8230;]",https://news.bitcoin.com/nft-infrastructure-provider-rarify-gets-10-million-investment-in-series-a-funding-round-led-by-pantera-capital/,https://images.cryptocompare.com/news/default/bitcoincom.png,News|funding round|nft services|NFTs|Opensea|Pantera Capital|rarify|Ubisoft,ICO|Technology
14,2022-03-04,27455508,1646434200,Ethereum ($ETH) Whale Buys 442 Billion Shiba Inu ($SHIB) as Meme Token Burn Plans Grow,"An Ethereum ($ETH) whale has invested $11.9 million to buy 442.6 billion tokens of the meme-inspired cryptocurrency Shiba Inu ($SHIB) in a single transaction, before moving the funder to a larger wallet. The transaction was first spotted by Ethereum whale tracking service WhaleStats, which noted that the transaction was seeing the whale become a buyer […]",https://www.cryptoglobe.com/latest/2022/03/ethereum-eth-whale-buys-442-billion-shiba-inu-shib-as-meme-token-burn-plans-grow/,https://images.cryptocompare.com/news/cryptoglobe/c4020000000.jpeg,Altcoins|Shiba Inu,ETH|ICO|Altcoin
15,2022-03-04,27455507,1646434075,Here Are All of the Major NFT Projects Being Turned Into Movies,From World of Women to Aku—and maybe CryptoPunks and Bored Apes too—these popular NFTs are targeting Hollywood.,https://decrypt.co/94142/major-nft-projects-hollywood-movies,https://images.cryptocompare.com/news/default/decrypt.png,NFTs|ETH,ETH
16,2022-03-03,27454741,1646347928,Polygon price analysis: MATIC/USD consolidates above $1.57,"TL;DR Breakdown Polygon price analysis shows a bullish trend Resistance is present at $1.7 Support is present at $1.50 for MATIC Polygon opened the daily market chart with a bullish trend, currently trading at $1.58. Polygon price analysis shows the market cap is valued at $257,829,539 with a 24-hour volume of $40,523,500.Matters are looking good [&#8230;]",https://www.cryptopolitan.com/polygon-price-analysis-2022-03-04/,https://images.cryptocompare.com/news/default/cryptopolitan.png,Altcoin News|cryptocurrency|cryptocurrency trading|Digital Currency,Trading|Market
17,2022-03-03,27454743,1646347800,Terra ($LUNA) Founder: ‘The Terra Protocol Will Be One of the Largest Holders of $BTC’,The founder of Terra ($LUNA) has recently suggested that the Terra Protocol will be one of the largest holders of the flagship cryptocurrency bitcoin ($BTC) as the project creates bitcoin-denominated reserves as an additional layer of security for its decentralized stablecoin UST. Earlier this year the Luna Foundation Guard (LFG) announced it raised $1 billion […],https://www.cryptoglobe.com/latest/2022/03/terra-luna-founder-the-terra-protocol-will-be-one-of-the-largest-holders-of-btc/,https://images.cryptocompare.com/news/cryptoglobe/d2421xzk2w0.jpeg,Altcoins|Bitcoin|Terra (LUNA),BTC|Blockchain|ETH|ICO|Altcoin
18,2022-03-02,27453726,1646261642,How Ethereum’s ConsenSys Could Have Secretly Sold Part Of Its Business To JP Morgan,"According to a report from Arthur Falls, Ethereum venture production studio ConsenSys will face a billion-dollar audit. A majority of the company’s shareholders, Falls said, asked for this measure to investigate alleged irregularities at the company. Related Reading &#124; How This Ethereum Mining Bypass For Nvidia GPUs Came On Sale To be conducted under the [&#8230;]",https://bitcoinist.com/ethereum-consensys-secretly-sold-business-jp-morgan/,https://images.cryptocompare.com/news/default/bitcoinist.png,Ethereum|ETH|ETHUSDT,ETH|Mining|Business
19,2022-03-02,27453727,1646261400,Shiba Inu ($SHIB) Starts Milan Advertising Campaign Ahead of Fashion World Debut,"Popular meme-inspired cryptocurrency Shiba Inu ($SHIB) has partnered with Italian high-end designer wear John Richmond in a bit to launch a non-fungible token (NFT) based fashion collection later this year. Through its partnership with John Richmond, the team behind the meme-inspired cryptocurrency has secured advertisements with Milan’s city council, allowing it to place logos on […]",https://www.cryptoglobe.com/latest/2022/03/shiba-inu-shib-starts-milan-advertising-campaign-ahead-of-fashion-world-debut/,https://images.cryptocompare.com/news/cryptoglobe/a3KgAg8023g.jpeg,Altcoins|NFTs|Shiba Inu,ICO|Altcoin
20,2022-03-01,27452899,1646175506,Ukrainian Hryvnia Volume Soares High In Crypto Market,"Crypto circle recently retorted the Russian attack on Ukraine a week ago, joined to help Ukrainian citizens, upended donations worth $30 million. The main objective of such handsome donations is to help the people affected by the Russian attack. Bitcoin and the other digital crypto assets are appearing hot spots because many people of Ukraine [&#8230;]",https://bitcoinist.com/ukrainian-currency-volume-soares-high-in-crypto/,https://images.cryptocompare.com/news/default/bitcoinist.png,Crypto News|bitcoin|Cryptocurrency|Hryvnia|Russia-Ukraine War|Ukrainian,BTC|Market
21,2022-03-01,27452897,1646175232,Pplpleasr’s Shibuya Video Platform Uses Ethereum NFTs to Fund and Shape Films,"Part Kickstarter and part Netflix, the platform lets users vote with NFTs to help fund films while also influencing their storylines.",https://decrypt.co/94172/pplpleasr-ethereum-shibuya-nfts-fund-shape-films,https://images.cryptocompare.com/news/default/decrypt.png,NFTs|ETH,ETH
22,2022-02-28,27451981,1646088949,Major crypto exchanges won't honor Ukraine request to block Russian accounts,"After Ukraine Vice Prime Minister asked all major crypto exchanges to block addresses of Russian users, the exchanges are refusing, Vice's Motherboard reported. A spokesperson for Coinbase (NASDAQ:COIN) told Motherboard that the U.S.-based exchange won't comply with the request, saying the ban would hurt ""economic freedom"" and would harm average Russians. It is, however, complying with sanctions that are in place. ""At this time, we will not institute a blanket ban of all Coinbase transactions involving Russian addresses,"" the spokesperson said in an email to Motherboard. Binance told CNBC that it won't ""unilaterally freeze millions of innocent users' accounts."" Kraken CEO Jesse Powell posted on Twitter that it ""cannot freeze the accounts of our Russian clients without a legal requirement to do so,"" but added, ""Russians should be aware that such a requirement could be imminent. Earlier, Bitcoin (BTC-USD) breaks over $41K as ruble-denominated bitcoin volume surges",https://seekingalpha.com/news/3807354-major-crypto-exchanges-wont-honor-ukraine-request-to-block-russian-accounts?utm_source=cryptocompare.com&utm_medium=referral,https://images.cryptocompare.com/news/default/seekingalpha.png,,BTC|Exchange|Regulation
23,2022-02-28,27451980,1646088600,"Canadian Healthcare Foundation Starts Accepting Donations in Dogecoin ($DOGE), Shiba Inu ($SHIB), and More","The Glenrose Rehabilitation Hospital Foundation (GRHF), an Alberta-based healthcare foundation, has started accepting donations in dozens of cryptocurrencies including Bitcoin ($BTC), Ethereum ($ETH), and even meme-inspired cryptocurrency Shiba Inu ($SHIB). The move, according to local news outlet Global News, came through a partnership with charitable cryptocurrency organization The Giving Block, which allows the GRHF to […]",https://www.cryptoglobe.com/latest/2022/02/canadian-healthcare-foundation-starts-accepting-donations-in-dogecoin-doge-shiba-inu-shib-and-more/,https://images.cryptocompare.com/news/cryptoglobe/a2x10oww100.jpeg,Altcoins|Dogecoin|Shiba Inu,ETH|BTC|Altcoin
24,2022-02-27,27451131,1645999212,Colorado Will Allow Residents to Pay Taxes with Crypto,"Colorado has set forth a new law that will allow people to pay for taxes and fees with cryptocurrency. Colorado Says &#8220;Yes&#8221; to Crypto Payments for Tax Fees Governor Jared Polis announced the news late last week, commenting: In Colorado, we’ve been laying the groundwork to be a center of crypto and blockchain innovation for...The post Colorado Will Allow Residents to Pay Taxes with Crypto appeared first on Live Bitcoin News.",https://www.livebitcoinnews.com/colorado-will-allow-residents-to-pay-taxes-with-crypto/,https://images.cryptocompare.com/news/default/livebitcoinnews.png,Bitcoin News|News|bitcoin|Colorado|Jared Polis,Regulation|BTC|Blockchain
25,2022-02-27,27451130,1645999020,"Ethereum Feared to Revisit $2500 Levels, How Will ETH Record A Bearish Monthly Close?","The post Ethereum Feared to Revisit $2500 Levels, How Will ETH Record A Bearish Monthly Close? appeared first on Coinpedia - Fintech &amp; Cryptocurreny News Media| Crypto GuideEthereum price till now is among the best investment options within the entire crypto space. As it was always speculated to undergo a calculated rally, ETH price is steadily heading towards the immediate highs. Yet compressing the resistance and the support levels, it is now feared to end the monthly trade on a notable bearish &#8230;",https://coinpedia.org/ethereum/etherum-feared-to-hit-2500-will-eth-record-a-bearish-novel/,https://images.cryptocompare.com/news/default/coinpedia.png,Ethereum|Blockchain|Crypto news|cryptocurrency|Price Analysis,ETH|Trading|Blockchain
26,2022-02-26,27450712,1645914617,"With the domination of 13 whales, Is AAVE a risky investment right now","Looking at AAVE, it may appear that the DeFi token is actually in a better position at the moment, given the 15% rally that occurred in the last 24 hours. However, the bigger picture is way less exciting. AAVE whales HODL Usually, when a token or an altcoin is heavily associated with whales, it is [&#8230;]",https://ambcrypto.com/with-the-domination-of-13-whales-is-aave-a-risky-investment-right-now/,https://images.cryptocompare.com/news/default/ambcrypto.png,Altcoins|Analysis|News|News 1|Social|Trading View|AAVE|AAVE investors,ICO|Altcoin|Market|Trading
27,2022-02-26,27450711,1645914610,"Executive Leaves Goldman Sachs for Coinbase — Says It’s Time to Embrace Crypto, Create Economic Freedom","An executive at Goldman Sachs is joining Coinbase after 16 years at the global investment bank. &#x201C;It&#x2019;s time to embrace the crypto economy,&#x201D; he said, adding that the change is a &#x201C;once in a lifetime opportunity to be part of building the next stage of the digital evolution.&#x201D; From Goldman Sachs to Coinbase Roger Bartlett [&#8230;]",https://news.bitcoin.com/executive-leaves-goldman-sachs-for-coinbase-time-to-embrace-crypto-create-economic-freedom/,https://images.cryptocompare.com/news/default/bitcoincom.png,Featured|Coinbase|Goldman Sachs|goldman sachs coinbase|goldman sachs executive|investment bank|joining coinbase|Roger Bartlett,Fiat|Sponsored
28,2022-02-25,27449993,1645829400,Ukrainian Crypto Exchange Sees Trading Volumes Explode Amid Russian Invasion,"A popular Ukrainian cryptocurrency exchange, Kuna, has seen its trading volume explode after Russian President Vladimir Putin announced a “special military operation,” which appears to be a full-scale invasion of the country. In a televised speech, President Putin warned the United States and NATO against getting involved, saying that anyone who “tries to interfere with […]",https://www.cryptoglobe.com/latest/2022/02/ukrainian-crypto-exchange-sees-trading-volumes-explode-amid-russian-invasion/,https://images.cryptocompare.com/news/cryptoglobe/8BptWoo1i08.jpeg,Altcoins|Markets,Exchange|Regulation|Trading|Market|Altcoin
29,2022-02-25,27449992,1645829160,"Russian Financiers Could Turn To Crypto To Sidestep US, European Sanctions","Using cryptocurrencies instead of US dollars would be a violation of sanction agreementsThe post Russian Financiers Could Turn To Crypto To Sidestep US, European Sanctions appeared first on Blockworks.",https://blockworks.co/russian-financiers-could-turn-to-crypto-to-sidestep-us-european-sanctions/,https://images.cryptocompare.com/news/default/blockworks.png,Markets|Regulation|cryptocurrency|russia|sanctions|Ukraine|Vladimir Putin,Market|Regulation
30,2022-02-24,27448744,1645743543,Tether Is Trading at a Premium in Ukraine Markets,,https://cryptobriefing.com/tether-is-trading-at-a-premium-in-ukraine-markets/?utm_source=main_feed&utm_medium=rss,https://images.cryptocompare.com/news/default/cryptobriefing.png,News|Tether|ukraine,USDT|Market|Trading
31,2022-02-24,27448741,1645743121,Zynga Exec Sees ‘Huge Opportunity’ for NFT Integration Into Traditional Gaming,"“I think if you're in the gaming business and you're not seriously looking at blockchain integration, you might be missing a huge opportunity,” Matt Wolf, Zynga’s VP of blockchain gaming, told BlockworksThe post Zynga Exec Sees ‘Huge Opportunity’ for NFT Integration Into Traditional Gaming appeared first on Blockworks.",https://blockworks.co/zynga-exec-sees-huge-opportunity-for-nft-integration-into-traditional-gaming/,https://images.cryptocompare.com/news/default/blockworks.png,Markets|Metaverse|blockchain|GameFi|gaming finance|Matt Wolf|metaverse|NFT|NFTs|Q&A|Zynga,Blockchain|Market|Business
32,2022-02-23,27447645,1645655586,Wrapped Bitcoin Inflows Stall as Ethereum DeFi Use Down: Report,"A bearish crypto market and falling use of DeFi have corresponded with a lack of new Bitcoin flowing into Ethereum, according to data from CoinMetrics.",https://decrypt.co/93663/wrapped-bitcoin-inflows-stall-ethereum-defi-use-down-report,https://images.cryptocompare.com/news/default/decrypt.png,Coins|ETH|wbtc,ETH|BTC|Market|Trading
33,2022-02-23,27447642,1645655425,Brazil: Senate Committee approves crypto-regulatory bill to promote growth,"Regulatory fervor for the cryptocurrency industry has gained heightened momentum worldwide this year, as the $1.84 trillion industry makes itself more ingrained in the financial market. After reports of U.S President Joe Biden signing an executive order on crypto regulation soon started making the rounds last week, another country that has emerged as revving up [&#8230;]",https://ambcrypto.com/brazil-senate-approves-crypto-regulatory-bill-to-promote-growth-now-up-for-vote/,https://images.cryptocompare.com/news/default/ambcrypto.png,Global News|News|News 1|Social|Trading View|Brazil|crypto regulation|Latin America,Regulation|Market
34,2022-02-22,27446745,1645570200,"‘Shark Tank’ Star Explains How Bitcoin ($BTC) Price Could Reach $300,000","Kevin O’Leary, a celebrity investor known as “Mr. Wonderful” on ABC TV series “Shark Tank,” has explained he sees the price of the flagship cryptocurrency bitcoin ($BTC) hitting $300,000 once regulators in the U.S. “rule on cryptocurrencies.” During an interview with Stansberry Research, O’Leary first mentioned inflation in the U.S. hit its highest level in […]",https://www.cryptoglobe.com/latest/2022/02/shark-tank-star-explains-how-bitcoin-btc-price-could-reach-300000/,https://images.cryptocompare.com/news/cryptoglobe/cbkomAS9ZG2.jpeg,Bitcoin,BTC|Trading|Business
35,2022-02-22,27446744,1645569988,Switzerland-based Index Provider Offers DeFi Exposure,Compass Financial Technologies' index will offer exposure to 10 DeFi tokensThe post Switzerland-based Index Provider Offers DeFi Exposure appeared first on Blockworks.,https://blockworks.co/switzerland-based-index-provider-offers-defi-exposure/,https://images.cryptocompare.com/news/default/blockworks.png,Financial Services|Markets|Compass Financial|Compass Financial Technologies|Decentralized Finance|DeFi|ETF|ETFs|ETP|ETPs|Guillaume Le Fur,Market
36,2022-02-21,27445816,1645484313,‪Bloombergs’ Senior Strategist Sees Bitcoin Hitting Major Milestone In 2022,"The Bitcoin (BTC) market may not see an end to bearish trends soon. Another rough week is incoming for Bitcoin, according to a Bloomberg analyst. This is because inflation is not likely to recede unless risk assets drop, which has so far not happened. Bitcoin could still have a remarkable run this year Bloomberg&#8217;s chief The post ‪Bloombergs’ Senior Strategist Sees Bitcoin Hitting Major Milestone In 2022 appeared first on CoinGape.",https://coingape.com/%e2%80%aabloombergs-senior-strategist-sees-bitcoin-hitting-major-milestone-in-2022-2/,https://images.cryptocompare.com/news/default/coingape.png,Bitcoin News|News|bitcoin (BTC)|Bitcoin price prediction 2022|Bloomberg Intelligence Bitcoin|Mike McGlone,BTC|Market|Trading
37,2022-02-21,27445815,1645483657,"With US Bitcoin ETF in Limbo, Crypto Exchange-traded Products All the Rage in Europe","The products are sought after by institutional investors with strict compliance standardsThe post With US Bitcoin ETF in Limbo, Crypto Exchange-traded Products All the Rage in Europe appeared first on Blockworks.",https://blockworks.co/with-us-bitcoin-etf-in-limbo-crypto-exchange-traded-products-all-the-rage-in-europe/,https://images.cryptocompare.com/news/default/blockworks.png,Asset Management|Markets|21Shares|Bitcoin|bitcoin etf|DeFi|ETF|ETP|exchange-traded fund|Fidelity International,BTC|Market|Business
38,2022-02-20,27444928,1645397417,North Korean Hackers Launder Crypto Using Sophisticated Techniques: Report,"The Lazarus Group will ""continue to adapt its cybercrime tactics"" to attack companies from the financial and crypto sectors, the CNAS alerted.",https://cryptopotato.com/north-korean-hackers-launder-crypto-using-sophisticated-techniques-report/,https://images.cryptocompare.com/news/default/cryptopotato.png,AA News|Crypto News|social|Bitcoin|Ethereum|Hacking,BTC|ETH
39,2022-02-20,27444927,1645394413,"Jennifer Robertson, the Widow of Crypto Scammer Gerald Cotton, Is Receiving Death Threats","Jennifer Robertson – the widow of Gerald Cotton, the man behind the Quadriga CX crypto exchange in Canada – is allegedly getting death threats from customers that wound up losing access to their funds due to the death of the company’s founder. Jennifer Robertson Is Taking Some Heat Cotton passed away due to intestinal problems...The post Jennifer Robertson, the Widow of Crypto Scammer Gerald Cotton, Is Receiving Death Threats appeared first on Live Bitcoin News.",https://www.livebitcoinnews.com/jennifer-robertson-the-widow-of-crypto-scammer-gerald-cotton-is-receiving-death-threats/,https://images.cryptocompare.com/news/default/livebitcoinnews.png,Exchange News|News|Gerald Cotton|Jennifer Robertson|Quadriga CX,BTC|Exchange
40,2022-02-19,27444728,1645310332,Jamaica Has Everything Ready For Its New Jam-Dex CBDC,"Jamaica is polishing up everything before launching its new CBDC, and its Central Bank revealed its name. Say hello to the Jam-Dex.",https://cryptopotato.com/jamaica-has-everything-ready-for-its-new-jam-dex-cbdc/,https://images.cryptocompare.com/news/default/cryptopotato.png,AA News|Crypto News|CBDC|Regulations,Fiat
41,2022-02-19,27444726,1645309855,Polkadot parachain fraudster revealed thanks to SEC’s complaint in 2019,"On 13 January, Composable Finance celebrated winning Polkadot&#8217;s seventh parachain slot auction. The DeFi interoperability protocol was declared a victor with over 9,000 members of the community raising more than six million DOT. However, the celebrations turned sour around a month later. Who are you calling a fraudster? Twitter user &#8220;zachxbt&#8221; [@zachxbt] is known for reporting [&#8230;]",https://ambcrypto.com/polkadot-parachain-fraudster-revealed-thanks-to-secs-complaint-in-2019/,https://images.cryptocompare.com/news/default/ambcrypto.png,News|News 1|Social|Trading View|Composable Finance|parachain|polkadot,Blockchain
42,2022-02-18,27444316,1645224600,Ethereum ($ETH) May Lose Dominance to Competitors Like Cardano ($ADA) or Solana ($SOL): Morgan Stanley,"Morgan Stanley’s wealth management global investment office has published a new report on the second-largest cryptocurrency by market capitalization, Ethereum (ETH), noting it could lose market dominance to competitors like Cardano ($ADA), Tezos ($XTZ), and Solana ($SOL) over its transaction costs. The report, titled “Cryptocurrency 201: What is Ethereum” was first reported on by Cointelegraph […]",https://www.cryptoglobe.com/latest/2022/02/ethereum-eth-may-lose-dominance-to-competitors-like-cardano-ada-or-solana-sol-morgan-stanley/,https://images.cryptocompare.com/news/cryptoglobe/8n6e3EiIzwR.jpeg,Altcoins,ETH|ADA|Market|XTZ|Altcoin
43,2022-02-18,27444314,1645224300,Exec at Composable Finance allegedly doxed as convicted fraudster Omar Zaki,Omar Zaki was convicted of fraud by the SEC three years prior and is allegedly behind two other crypto projects which suffered devastating hacks. ,https://cointelegraph.com/news/exec-at-composable-finance-allegedly-doxed-as-convicted-fraudster-omar-zaki,https://images.cryptocompare.com/news/default/cointelegraph.png,Cryptocurrency|DOT|Polkadot|Kusama|Crowdloan|Omar Zaki,Regulation
44,2022-02-17,27442782,1645138200,On-Chain Analyst May Have Found the ‘First Ever’ Bitcoin ($BTC) Bear,"Matthew Hyland, an on-chain analyst who also does technical cryptocurrency analysis, has recently tweeted out he “might have found the first ever” Bitcoin ($BTC) bear, sharing a screenshot from the Bitcointalk forums where a user claims BTC isn’t “going ot make it beyond $3.” The screenshot shows a message dating back to October 2011, when […]",https://www.cryptoglobe.com/latest/2022/02/on-chain-analyst-may-have-found-the-first-ever-bitcoin-btc-bear/,https://images.cryptocompare.com/news/cryptoglobe/e49E9ai0100.jpeg,Bitcoin,BTC|Trading|Market
45,2022-02-17,27442780,1645137886,"Market Wrap: BTC, Stocks Tank After Biden Says Threat of Russian Invasion ‘Very High’","The prospect of an executive order from the US president relating to cryptocurrencies added to market uncertaintyThe post Market Wrap: BTC, Stocks Tank After Biden Says Threat of Russian Invasion ‘Very High’ appeared first on Blockworks.",https://blockworks.co/market-wrap-btc-stocks-tank-after-biden-says-threat-of-russian-invasion-very-high/,https://images.cryptocompare.com/news/default/blockworks.png,Macro|Markets|Bitcoin|BTC|BTC.D|business|congress|CPI|cryptocurrency|ETH|ETH/BTC|Ethereum|Fed|Federal Reserve|finance|Inflation|investing|NATO|russia|S&P 500|Stocks|Ukraine,BTC|Market|ETH|Regulation|Business
46,2022-02-16,27441914,1645051800,"Bitcoin ($BTC) Price Could Explode to $200,000 as Investors Drop Bonds, Says Fundstrat’s Tom Lee","Thomas Lee, Co-Founder, Managing Partner and the Head of Research at independent research boutique Fundstrat Global Advisors, has suggested that as investors move away from bonds they may rotate to the cryptocurrency sector, which would help BTC’s price explode to $200,000. During an interview with CNBC, Lee noted that interest rates are seemingly “set to reverse almost […]",https://www.cryptoglobe.com/latest/2022/02/bitcoin-btc-price-could-explode-to-200000-as-investors-drop-bonds-says-fundstrats-tom-lee/,https://images.cryptocompare.com/news/cryptoglobe/cbkomAS9ZG2.jpeg,Bitcoin,BTC|Trading|Business
47,2022-02-16,27441902,1645050869,Inside The New COLDCARD Mk4 Bitcoin Hardware Wallet,Take a sneak peek at exclusive details about Coinkite’s upcoming hardware wallet.,https://bitcoinmagazine.com/business/inside-the-new-coldcard-mk4,https://images.cryptocompare.com/news/default/bitcoinmagazine.png,Feature|coldcard|Business|Hardware wallet|Coinkite|Bitcoin,BTC|Business
48,2022-02-15,27441153,1644965463,Market Wrap: Crypto Pumps After Putin Pledges to Partially Pull Back Troops,"Tensions at Ukraine’s border eased slightly after positive remarks from Putin, leading to a jump in both cryptocurrencies and stocksThe post Market Wrap: Crypto Pumps After Putin Pledges to Partially Pull Back Troops appeared first on Blockworks.",https://blockworks.co/market-wrap-crypto-pumps-after-putin-pledges-to-partially-pull-back-troops/,https://images.cryptocompare.com/news/default/blockworks.png,Macro|Markets|Bitcoin|BTC|BTC.D|business|congress|CPI|cryptocurrency|ETH|ETH/BTC|Ethereum|Fed|Federal Reserve|finance|Inflation|investing|russia|S&P 500|Stocks|Ukraine,Market|BTC|ETH|Business
49,2022-02-15,27441152,1644965162,Why the IRS’s settlement offer in a Tennessee crypto staking tax case doesn’t mean much — yet,"Quick TakeA proposed settlement from the IRS in a case focus on crypto staking turned heads earlier this month.But tax experts say the development doesn&#8217;t mean much — at least, not yet. ",https://www.theblockcrypto.com/news+/134387/why-the-irss-settlement-offer-in-a-tennessee-crypto-staking-tax-case-doesnt-mean-much-yet?utm_source=cryptocompare&utm_medium=rss,https://images.cryptocompare.com/news/default/theblock.png,Legal|Tax|IRS|Staking|Tezos,Regulation
50,2022-02-14,27440377,1644879000,Elon Musk Hints SpaceX Could Soon Accept Dogecoin ($DOGE) Payments,"Tesla and SpaceX CEO Elon Musk has recently hinted that his space exploration company SpaceX and Starlink, a project meant to surround Earth with high-speed, low latency and affordable internet access, could soon start accepting payments in the meme-inspired cryptocurrency Dogecoin ($DOGE). On social media, responding to a tweet from a user suggesting SpaceX’s merchandise […]",https://www.cryptoglobe.com/latest/2022/02/elon-musk-hints-spacex-could-soon-accept-dogecoin-doge-payments/,https://images.cryptocompare.com/news/cryptoglobe/cFxA04B32Ax.jpeg,Altcoins|Dogecoin,Altcoin
51,2022-02-14,27440378,1644878992,Ethereum Name Service Backlash Puts Spotlight on Anonymity in Web3,"When some crypto figures are anonymous and some are not, anonymous harassment of marginalized communities can run rampant.",https://decrypt.co/92940/ethereum-name-service-backlash-puts-spotlight-anonymity-web3,https://images.cryptocompare.com/news/default/decrypt.png,Long Reads,ETH
52,2022-02-13,27439686,1644789649,Bitcoin Fund Set Up for Canadian Truckers,Canadian truckers who are currently fighting against vaccine mandates in their native country have found solace in bitcoin after the fundraising platform GoFundMe halted donation monies they were slated to receive. Canadian Truckers Get What They Need Through BTC Canadian truckers have been gathering in their nation for the last several weeks and have formed...The post Bitcoin Fund Set Up for Canadian Truckers appeared first on Live Bitcoin News.,https://www.livebitcoinnews.com/bitcoin-fund-set-up-for-canadian-truckers/,https://images.cryptocompare.com/news/default/livebitcoinnews.png,Bitcoin News|News|bitcoin|Canadian truckers|GoFundMe,BTC
53,2022-02-13,27439684,1644788795,Ukrainian Defense Efforts Bolstered By Crypto Donations,"The use of cryptocurrency by Ukrainians is an effort to fight back against Russian troops positioned in their country. A blockchain analytics firm Elliptic revealed that Ukrainian crowdfunding had increased 900% since 2021, with most donations coming from within Ukraine itself rather than externally like before when it was funded mainly by other countries or organizations who saw what they called &#8220;a crisis.&#8221; Related Reading &#124; Ukraine Adopts New Law To Legalize Bitcoin And Other Cryptocurrencies These groups have seen a significant rise in cryptocurrency funding thanks to Bitcoin. As a result, digital currency is becoming an alternative channel for donors, despite restrictions imposed by traditional financial systems. Bitcoin allows people worldwide to make connections and create change that lasts far beyond anyone&#8217;s donations &#8211; crypto contributions can now harness this power. In 2021, non-government organizations and volunteer groups received more than $500,000 worth of Bitcoin as crowdfunding. This marked a 900% increase from 2020. Since the Ukrainian military was effectively crumbling against the Russian invasion, many citizens have taken up arms to fight. They are called “volunteer groups.” They get funding from private donations. Ukrainian Fundraising Campaigns Receive Crypto Funding In the modern era, cryptocurrencies are becoming more popular as funding for fundraising campaigns. Elliptic’s s...",https://www.newsbtc.com/news/ukrainian-defense-efforts-bolstered-by-crypto-donations/,https://images.cryptocompare.com/news/default/newsbtc.png,Cryptocurrency news|crypto donation|cryptocurrency|fund raising|ukraine|Ukrainian,BTC|Regulation|Blockchain
54,2022-02-12,27439483,1644705470,Bud Light to Give NFT Holders Physical Glasses Inspired by Nouns NFTs,"Holders of N3XT NFTs can now lay claim to a ""very real"" physical perk.",https://decrypt.co/92809/bud-light-to-give-nft-holders-physical-glasses-inspired-by-nouns-nfts,https://images.cryptocompare.com/news/default/decrypt.png,NFTs|ETH,ETH
55,2022-02-12,27439481,1644704139,Intel Blockchain Chip: The New Crypto Mining Revolution Likely To Begin,"With the rise in popularity and value, many people turn to cryptocurrencies like Bitcoin. So it’s no wonder that Intel has announced a new chip for blockchain applications like NFT’s minting and Bitcoin mining. The blockchain chip will make it easier than ever before possible with just one click. Jack Dorsey-led firm that recently changed [&#8230;]",https://bitcoinist.com/intel-blockchain-chip-the-new-crypto-mining-revolution-likely-to-begin/,https://images.cryptocompare.com/news/default/bitcoinist.png,Crypto News|bitcoin|Blockchain Chip|crypto mining|Cryptocurrency|Intel|NFT,BTC|Blockchain|Mining
56,2022-02-11,27439048,1644620202,Buy The Bitcoin “Honk” Trucker Hat And Support Freedom,"Show your support and style with this awesome trucker hat, with all proceeds going directly to the protests.",https://bitcoinmagazine.com/business/the-bitcoin-trucker-hat,https://images.cryptocompare.com/news/default/bitcoinmagazine.png,Ad|Truckers|protests|sponsored|Store|Business,BTC|Business|Sponsored
57,2022-02-11,27439047,1644619800,Number of Addresses Holding Cardano ($AD) Hits New 4.5 Million High,"The number of addresses holding Cardano ($ADA) has kept on rising in January to hit a new 4.53 million all-time high as monthly transactions on the cryptocurrency’s network also kept on growing. According to CryptoCompare’s latest Asset Report, the number of Cardano hodlers has grown 10.9% in January to hit 309,000, while the number of […]",https://www.cryptoglobe.com/latest/2022/02/number-of-addresses-holding-cardano-ad-hits-new-4-5-million-high/,https://images.cryptocompare.com/news/cryptoglobe/f02U00x000g.jpeg,Altcoins|Cardano,ADA|Altcoin
58,2022-02-10,27438167,1644533601,OnlyFans launches verified NFT profile pictures,"The popular subscription platform OnlyFans, known for its adult content, will now let users post verified NFTs as profile pictures. The platform will only support NFTs minted on the Ethereum blockchain and will show an Ethereum icon on NFT profile pictures to mark them as authentic. The company said it introduced NFT profile pictures in [&hellip;] The post OnlyFans launches verified NFT profile pictures appeared first on The Block.",https://www.theblockcrypto.com/linked/133856/onlyfans-launches-verified-nft-profile-pictures?utm_source=cryptocompare&utm_medium=rss,https://images.cryptocompare.com/news/default/theblock.png,Companies|NFT|NFTs|OnlyFans,ETH|Blockchain
59,2022-02-10,27438168,1644533400,$BTC: Historical Data Suggests Bitcoin Could Soon Go on a Winning Streak,"Bitcoin’s ($BTC) price moving over its 50-day moving average earlier this month suggests that the flagship cryptocurrency has broken its downtrend and is entering another rally, according to a research firm. As first reported by Business Insider, the Bespoke Investment Group has said in a note that the flagship cryptocurrency bitcoin is moving out of […]",https://www.cryptoglobe.com/latest/2022/02/historical-data-suggests-bitcoin-btc-is-could-soon-go-on-a-winning-streak/,https://images.cryptocompare.com/news/cryptoglobe/d2421xzk2w0.jpeg,Bitcoin,BTC|Trading|Business
60,2022-02-09,27437041,1644447000,"JPMorgan’s Theoretical Bitcoin ($BTC) Price Target Sits at $150,000","Strategists at JPMorgan Chase led by Nikolaos Panigirtzoglou have revealed they see Bitcoin’s current “fair value” at around $38,000, roughly 12% below its current price, while their theoretical BTC price target is at $150,000. According to Bloomberg, the strategists calculated the cryptocurrency’s fair value based on its volatility. They got to the $38,000 mark as […]",https://www.cryptoglobe.com/latest/2022/02/jpmorgans-theoretical-bitcoin-btc-price-target-sits-at-150000/,https://images.cryptocompare.com/news/cryptoglobe/c406A4AD202.jpeg,Bitcoin,BTC|Trading
61,2022-02-09,27437039,1644446988,BlackRock Could Soon Offer Crypto Trading to Its Clients,,https://cryptobriefing.com/blackrock-could-soon-offer-crypto-trading-to-its-clients/?utm_source=main_feed&utm_medium=rss,https://images.cryptocompare.com/news/default/cryptobriefing.png,News|BlackRock|Crypto|Institution,Trading
62,2022-02-08,27436204,1644359758,"In today’s House hearing, Congress rejects Treasury’s proposed stablecoin regime","The biggest takeaway was likely the prevailing bipartisanship in opposition to major banks, which played strongly in favor of the crypto industry today.  The post In today’s House hearing, Congress rejects Treasury’s proposed stablecoin regime appeared first on The Block.",https://www.theblockcrypto.com/post/133526/in-todays-house-hearing-congress-rejects-treasurys-proposed-stablecoin-regime?utm_source=cryptocompare&utm_medium=rss,https://images.cryptocompare.com/news/default/theblock.png,Regulation|Stablecoins|banks|congress|stablecoins,Regulation
63,2022-02-08,27436188,1644359452,"These factors are causing a rise in BTC, ETH’s correlation with the stock market","Going mainstream is not always the best outcome for assets, and cryptocurrencies have lent proof to the same. While a rise in adoption had definitely brought legitimacy and capital to the market, it has also made it susceptible to macroeconomic changes. Crypto is stocking up This has been highlighted in the rising correlation between cryptocurrency [&#8230;]",https://ambcrypto.com/these-factors-are-causing-a-rise-in-btc-eths-correlation-with-the-stock-market/,https://images.cryptocompare.com/news/default/ambcrypto.png,Bitcoin|Ethereum|News|News 1|Social|Trading View|BTC|correlation|Nasdaq|S&P 500|Stocks,BTC|Market|ETH|Business
64,2022-02-07,27435122,1644274203,"Aave Launches Lens, an NFT-Based Social Media Protocol",,https://cryptobriefing.com/aave-launches-lens-an-nft-based-social-media-protocol/?utm_source=main_feed&utm_medium=rss,https://images.cryptocompare.com/news/default/cryptobriefing.png,News|Aave|polygon|Social Media,Blockchain
65,2022-02-07,27435123,1644274200,Bitcoin ($BTC) Price Rises Above Key Technical Level for First Time Since November,"The price of the flagship cryptocurrency bitcoin has moved past a key technical indicator after going over the $42,800 mark, where its 50-day moving average after enduring a downtrend since November of last year, when BTC hit a new high near $69,000. As reported by Business Insider, the largest cryptocurrency has surged after managing to […]",https://www.cryptoglobe.com/latest/2022/02/bitcoin-btc-price-rises-above-key-technical-level-for-first-time-since-november/,https://images.cryptocompare.com/news/cryptoglobe/cbkomAS9ZG2.jpeg,Bitcoin,BTC|Trading|Business
66,2022-02-06,27434642,1644184934,Cryptocurrency Investors Are More Attractive on The Dating Scene (Study),"Three in four participants admitted they would go on a second date if their admirer paid the bill in bitcoin, the eToro research estimated.",https://cryptopotato.com/cryptocurrency-investors-are-more-attractive-on-the-dating-scene-study/,https://images.cryptocompare.com/news/default/cryptopotato.png,AA News|BTCEUR|BTCGBP|BTCUSD|BTCUSDT|Crypto News|social|Bitcoin|eToro|Survey,BTC|Business
67,2022-02-06,27434584,1644184860,"Lost Bitcoin may be a ‘donation,’ but is it hindering adoption?","Estimates suggest 20% of Bitcoin’s supply has been lost. Are these funds a donation to everyone else, or a challenge to further adoption? ",https://cointelegraph.com/news/lost-bitcoin-may-be-a-donation-but-is-it-hindering-adoption,https://images.cryptocompare.com/news/default/cointelegraph.png,Security|Private Keys|password,BTC
68,2022-02-05,27434514,1644098409,Facebook Sells Off All Its Libra-Based Assets,"Not long ago, Live Bitcoin News published an article discussing Facebook aka Meta and its decision to sell off any assets aligned with Libra/ Diem. It looks now like those assets have been sold and the project has officially come to an end. The Facebook Libra Project Is Now Fully Over The developers behind Diem...The post Facebook Sells Off All Its Libra-Based Assets appeared first on Live Bitcoin News.",https://www.livebitcoinnews.com/facebook-sells-off-all-its-libra-based-assets/,https://images.cryptocompare.com/news/default/livebitcoinnews.png,Altcoin News|News|Facebook|Libra|Mark Zuckerberg,BTC
69,2022-02-05,27434465,1644098400,Bitcoin And The Downslope Of Network Effects,With the rise of Bitcoin’s network effects comes the equivalent demise in legacy finance’s network effects.,https://bitcoinmagazine.com/business/bitcoin-and-network-effects,https://images.cryptocompare.com/news/default/bitcoinmagazine.png,Adoption|Opinion|Networks|Ideas|Business,BTC|Business
70,2022-02-04,27434047,1644015566,CryptoPunks Controversy: Creators Apologize for 'V1' Ethereum NFT Sales,Larva Labs attracts fresh criticism around CryptoPunks after selling NFTs from a scrapped contract—and suggesting potential legal action.,https://decrypt.co/92155/cryptopunks-controversy-creators-apologize-v1-ethereum-nft,https://images.cryptocompare.com/news/default/decrypt.png,NFTs|ETH,ETH|Regulation
71,2022-02-04,27434039,1644015000,Cardano ($ADA) Users Stake 100 Million Native Tokens in New DeFi Protocol in Just Three Days,"The Cardano ($ADA) network has recently seen the launch of a new decentralized lending protocol for the unbanked called Meld. Over the last three days, after the protocol launched, users staked 100 million MELD tokens on it to earn interest while insuring its activities. According to an announcement Meld made on Twitter, the milestone was […]",https://www.cryptoglobe.com/latest/2022/02/cardano-ada-users-stake-100-million-native-tokens-in-new-defi-protocol-in-just-three-days/,https://images.cryptocompare.com/news/cryptoglobe/d20w1008000.jpeg,Altcoins|Cardano,ADA|Blockchain|ICO|Altcoin
72,2022-02-03,27433325,1643929196,MicroStrategy’s Saylor floats new paths to buy more BTC,Saylor said the firm hasn't made any decisions yet and any plans will be tested against its risk parameters. The post MicroStrategy&#8217;s Saylor floats new paths to buy more BTC appeared first on The Block.,https://www.theblockcrypto.com/linked/132975/microstrategys-saylor-floats-new-paths-to-buy-more-btc?utm_source=cryptocompare&utm_medium=rss,https://images.cryptocompare.com/news/default/theblock.png,Companies|$BTC|bitcoin|Impact|Michael Saylor|MicroStrategy,BTC
73,2022-02-03,27433323,1643929103,World Wildlife Fund’s NFT Sales Spark Controversy,,https://cryptobriefing.com/world-wildlife-funds-nft-sales-spark-controversy/?utm_source=main_feed&utm_medium=rss,https://images.cryptocompare.com/news/default/cryptobriefing.png,News|Ethereum|Fundraising|NFTs,ETH
74,2022-02-02,27432643,1643841029,FTX Enters Japanese Crypto Market With Acquisition of Regulated Crypto Exchange,"Cryptocurrency exchange FTX has announced the acquisition of Liquid, which operates a regulated Japanese exchange, Quoine. The two companies &#x201C;expect to work together to provide products and liquidity to clients in the Japanese and global markets.&#x201D; FTX Acquiring Liquid to Provide Services to Japanese Customers Crypto exchange FTX is entering the Japanese crypto market. FTX [&#8230;]",https://news.bitcoin.com/ftx-japanese-crypto-market-acquisition-regulated-crypto-exchange/,https://images.cryptocompare.com/news/default/bitcoincom.png,Exchanges|fsa|ftx|FTX Japan|FTX Japanese exchange|Japanese Crypto Market|Liquid group|Quoine|Sam Bankman-Fried,Exchange|Market
75,2022-02-02,27432638,1643840243,"Market Recap: Bitcoin, Ether Drop as US Deploys Troops to Eastern Europe","Bitcoin dropped as much as 5% while ether dropped as much as 5.7% on the dayThe post Market Recap: Bitcoin, Ether Drop as US Deploys Troops to Eastern Europe appeared first on Blockworks.",https://blockworks.co/market-recap-bitcoin-ether-drop-as-us-deploys-troops-to-eastern-europe/,https://images.cryptocompare.com/news/default/blockworks.png,Macro|Markets|Bitcoin|BTC|BTC.D|congress|cryptocurrency|ETH|ETH/BTC|Ethereum|Fed|Federal Reserve|finance|Inflation|Interest Rates|regulation|S&P 500|Stocks,BTC|Market|ETH|Regulation
76,2022-02-01,27432009,1643756394,'Worms' Ethereum Video Game NFTs Canceled After Backlash,Collectible ‘Worms’ are buried following backlash as franchise fans and game developers complain about NFT plans.,https://decrypt.co/91788/worms-game-ethereum-nfts-canceled-after-backlash,https://images.cryptocompare.com/news/default/decrypt.png,NFTs|ETH,ETH
77,2022-02-01,27432004,1643756261,Alphabet CEO Says Company ‘Definitely’ Looking at Blockchain,"Alphabet, Google’s parent company, may become the latest big tech company to explore blockchain technologiesThe post Alphabet CEO Says Company ‘Definitely’ Looking at Blockchain appeared first on Blockworks.",https://blockworks.co/alphabet-ceo-says-company-definitely-looking-at-blockchain/,https://images.cryptocompare.com/news/default/blockworks.png,Markets|Metaverse|Alphabet|earnings|finance|Google|investing|metaverse|technology,Blockchain|Technology|Market
78,2022-01-31,27431382,1643669427,Congressman and crypto lobby scale back new Treasury surveillance authority in COMPETES Act,The crypto lobby is on track to score a win on new financial surveillance legislation contained in the America COMPETES Act. The post Congressman and crypto lobby scale back new Treasury surveillance authority in COMPETES Act appeared first on The Block.,https://www.theblockcrypto.com/linked/132510/congressman-and-crypto-lobby-scale-back-new-treasury-surveillance-authority-in-competes-act?utm_source=cryptocompare&utm_medium=rss,https://images.cryptocompare.com/news/default/theblock.png,Congress|Regulation|fincen|government|privacy|surveillance|treasury,Regulation
79,2022-01-31,27431384,1643669162,"JP Morgan: Bitcoin, Ethereum Continue to Face 'Significant Challenges'","Bitcoin is still 5x more volatile than gold, and Ethereum will continue to face competition from rival blockchains, analysts at the investment bank said.",https://decrypt.co/91612/jp-morgan-bitcoin-ethereum-challenges,https://images.cryptocompare.com/news/default/decrypt.png,Business|BTC|ETH,BTC|ETH|Fiat|Business
80,2022-01-30,27430939,1643582225,Crypto Winter: An Investor’s Big Fear…,"It&#8217;s been a challenging few months for crypto investors since Bitcoin fell from its all time high of 69k; on top of that, many coins have followed in BTC&#8217;s price action footsteps. The entire crypto market has shed more than $1 trillion in value since, and many experts believe more is to come and that this will not be the last of the wave; many people scramble to get a grasp onfwhat&#8217;s to come and if we will fall into another dreaded crypto winter. Related Reading &#124; Downward DOGE: Descending Dogecoin Pattern Predicts Deadly Drop Cold World For Crypto&#8230; The entire crypto market has lost roughly $1 trillion in value since November, around the time of bitcoin’s all-time high, and other tokens such as ether and solana followed the number one digital currency to trade sharply lower. Ethereum has more than halved in value since reaching its peak in November, while Solana has suffered an even steeper decline, falling 65 percent. Back in 2018, bitcoin went through what many now refer to as &#8216;crypto winter,&#8217; which saw witness to an 80 percent drop in bitcoin; could this be another case of the current price action BTC: Bitcoin fighting to break 40k after hitting all time high in November 2021. &#124; BTC:USDtradingview.com David Marcus, the former head of crypto at Facebook (now Meta), appeared to suggest that he believes a crypto winter has already arrived. In a tweet earlier this week, he said: “It...",https://www.newsbtc.com/news/bitcoin/crypto-winter-an-investors-big-fear/,https://images.cryptocompare.com/news/default/newsbtc.png,Bitcoin|Crypto|bitcoin|crypto winter|stablecoin,BTC|Market|Trading|ETH|ICO
81,2022-01-30,27430940,1643582121,"$ADA: Cardano-Powered DEX ADAX Goes Live, Plans to Integrate COTI’s Djed Stablecoin","On Sunday (January 30), the team behind ADAX, “an automated liquidity protocol that facilitates trades within the Cardano ecosystem in a completely decentralized and non-custodial way”, announced that their DEX had gone live on the mainnet. On 17 November 2021, an “Ask Me Anything (AMA) event was held on the official ADAX reddit account, where […]",https://www.cryptoglobe.com/latest/2022/01/cardano-powered-dex-adax-goes-live-plans-to-integrate-cotis-djed-stablecoin/,https://images.cryptocompare.com/news/cryptoglobe/9yooC8zcV18.jpeg,Cardano|DEXes,ADA|Blockchain
82,2022-01-29,27430755,1643495408,"After breaking down below recent lows, here’s where ICP is likely to head next","Ranked 32nd by market capitalization, Internet Computer saw its token ICP trading at $20.7 at the time of writing. It appeared to break the market structure in early January, but the intense selling pressure since then has actually seen ICP register a new set of lows at $19.1, just beneath the $20.9 lows in late [&#8230;]",https://ambcrypto.com/after-breaking-down-below-recent-lows-heres-where-icp-is-likely-to-head-next/,https://images.cryptocompare.com/news/default/ambcrypto.png,Altcoins|Analysis|HideCryptopanic|News|News 1|Social|Trading View|ICP price prediction|Internet Computer,Market|ICO|Trading|Altcoin
83,2022-01-29,27430754,1643493633,Do People Like Eric Adams Regret Getting Into Crypto?,"A lot of celebrities and politicians that have gotten into the crypto craze as of late are likely regretting their actions given that bitcoin and several other leading digital assets have experienced heavy price drops. Individuals like Eric Adams, the mayor of New York City; Aaron Rodgers, a quarterback with the Green Bay Packers, and...The post Do People Like Eric Adams Regret Getting Into Crypto? appeared first on Live Bitcoin News.",https://www.livebitcoinnews.com/do-people-like-eric-adams-regret-getting-into-crypto/,https://images.cryptocompare.com/news/default/livebitcoinnews.png,Bitcoin News|News|bitcoin|Eric Adams|Melania Trump,BTC|Trading
84,2022-01-28,27430535,1643409035,"Axie Infinity drops below $50, is this a bargain buy or is there more pain in store","A week ago the price of Axie Infinity stood at $75. However, even though there was a confluence of support levels right beneath $75 on lower timeframes at that time, the price crashed right through. This was not an isolated incident. The price of AXS has been steadily dropping, at times it has even dropped [&#8230;]",https://ambcrypto.com/axie-infinity-drops-below-50-is-this-a-bargain-buy-or-is-there-more-pain-in-store/,https://images.cryptocompare.com/news/default/ambcrypto.png,Altcoins|Analysis|HideCryptopanic|News|News 1|Social|Trading View|Axie Infinity|AXS,Trading|Market|Altcoin
85,2022-01-28,27430532,1643409030,Barstool Sports Blog Founder Dave Portnoy Spends a ‘Cool Million’ on 29 Bitcoin,"The founder of Barstool Sports blog, Dave Portnoy, announced he purchased 29 bitcoin on January 28, spending more than a million dollars. The day trader has had his ups and downs with bitcoin over the last few years, and it seems he&#x2019;s now jumping back into the market. Day Trader Dave Portnoy Bought 29 Bitcoin [&#8230;]",https://news.bitcoin.com/barstool-sports-blog-founder-dave-portnoy-spends-a-cool-million-on-29-bitcoin/,https://images.cryptocompare.com/news/default/bitcoincom.png,News|29 BTC|Barstool Sports blog|Barstool Sports blog founder|Barstool Sports blog President|Bitcoin|Bitcoin (BTC)|Buy Bitcoin|buy btc|cool million|dave portnoy|dave portnoy bitcoin|Day Trader|michael saylor|microstrategy ceo|million|Million Bucks|Parabolic Dave,BTC|Market
86,2022-01-27,27429845,1643324370,A look back at social media growth of crypto trends,"Quick TakeThe Block Research reviews social media metrics for the three biggest hype cycles of 2021We researched Twitter, Reddit, and Wikipedia to assess the degree of engagement around major Layer-1 blockchains, NFTs, and meme coins",https://www.theblockresearch.com/a-look-back-at-social-media-growth-of-crypto-trends-131869?utm_source=cryptocompare&utm_medium=rss,https://images.cryptocompare.com/news/default/theblock.png,Blockchain|Markets|NFT|Projects|$DOGE|$SHIB|elon musk|reddit|social|twitter|wikipedia,Market|Blockchain
87,2022-01-27,27429840,1643323800,$XLM Smart Contracts Are Coming to Stellar Network,"Smart contracts are set to be launched on the Stellar ($XLM) network, as the Stellar Development Foundation (SDF) keeps looking at new ways to “further trust-minimized innovation” and enable “equitable access to the financial system.” In a blog post published by the SDF, it notes that adding smart contracts will “empower the ecosystem with more […]",https://www.cryptoglobe.com/latest/2022/01/xlm-smart-contracts-are-coming-to-stellar-network/,https://images.cryptocompare.com/news/cryptoglobe/b1s3MsG8S4w.jpeg,Altcoins|Stellar,ETH|Altcoin
88,2022-01-26,27429515,1643237066,Real Bedford Football Club To Accept Bitcoin Through OpenNode,The integration is the latest addition to the club’s suite of tools to embrace a Bitcoin standard.,https://bitcoinmagazine.com/business/real-bedford-fc-to-accept-bitcoin-payments,https://images.cryptocompare.com/news/default/bitcoinmagazine.png,Business|Opennode|News|Bitcoin|Real Bedford Football Club,BTC|Business
89,2022-01-26,27429466,1643236200,Why The Bitcoin Stock-to-Flow Model Is Not Useful,PlanB’s S2F/S2FX models are scientifically invalid and have fundamental issues that may lead investors astray.,https://bitcoinmagazine.com/markets/why-bitcoin-stock-to-flow-is-not-useful,https://images.cryptocompare.com/news/default/bitcoinmagazine.png,Ideas|Opinion|stock to flow|Markets|Marty's Bent|Technical analysis,BTC|Market|Business
90,2022-01-25,27428574,1643151534,"Ripple announces stock buyback, nabs $15 billion valuation","Ripple has nabbed a $15 billion valuation. The post Ripple announces stock buyback, nabs $15 billion valuation appeared first on The Block.",https://www.theblockcrypto.com/linked/131577/ripple-announces-stock-buyback-nabs-15-billion-valuation?utm_source=cryptocompare&utm_medium=rss,https://images.cryptocompare.com/news/default/theblock.png,Companies|$XRP|Ripple|stock buyback,XRP|Business
91,2022-01-25,27428576,1643151532,Market Recap: Crypto Holds Steady as Stocks Keep Tumbling,Crypto remained steady today despite stocks sinking further as investors prepare for Fed Chair Jerome Powell's press conference tomorrowThe post Market Recap: Crypto Holds Steady as Stocks Keep Tumbling appeared first on Blockworks.,https://blockworks.co/market-recap-crypto-holds-steady-as-stocks-keep-tumbling/,https://images.cryptocompare.com/news/default/blockworks.png,Macro|Markets|Bitcoin|BTC|BTC.D|congress|CPI|cryptocurrency|ETH|ETH/BTC|Ethereum|Fed|Federal Reserve|Inflation|Interest Rates|Jobs,Market|BTC|ETH|Business
92,2022-01-24,27427602,1643064969,Crypto Industry Awaits Biden’s Reported Crypto Executive Order,President Biden is expected to make the executive branch’s stance on cryptocurrency more clearThe post Crypto Industry Awaits Biden’s Reported Crypto Executive Order appeared first on Blockworks.,https://blockworks.co/biden-admin-readying-crypto-exec-order/,https://images.cryptocompare.com/news/default/blockworks.png,Regulation|Biden|CFTC|federal government|SEC|stablecoin|Treasury,Regulation
93,2022-01-24,27427599,1643064611,Market Recap: Russia and Ukraine Tensions Add More Fear to the Market,Tension between Russia and Ukraine have added fear to the markets as investors prepare for Fed Chair Jerome Powell's comments later this weekThe post Market Recap: Russia and Ukraine Tensions Add More Fear to the Market appeared first on Blockworks.,https://blockworks.co/market-recap-russia-and-ukraine-tensions-add-more-fear-to-the-market/,https://images.cryptocompare.com/news/default/blockworks.png,Macro|Markets|Bitcoin|BTC|BTC.D|congress|CPI|cryptocurrency|ETH|ETH/BTC|Ethereum|Fed|Federal Reserve|Inflation|Interest Rates|Jobs,Market|BTC|ETH|Business
94,2022-01-23,27427075,1642977059,"Bitmain Reveals Hydro Bitcoin Miner With 198 Terahash, Produces Almost Double the Power of Today’s Top Machines","One of the largest bitcoin mining rig manufacturers in the world, Bitmain announced the launch of a new bitcoin miner that boasts speeds of up to 198 terahash per second (TH/s). The new model is called the Antminer S19 Pro+ Hyd. and it leverages liquid cooling technology in order to improve overall efficiency. Bitmain&#x2019;s Latest [&#8230;]",https://news.bitcoin.com/bitmain-reveals-hydro-bitcoin-miner-with-198-terahash-produces-almost-double-the-power-of-todays-top-machines/,https://images.cryptocompare.com/news/default/bitcoincom.png,Mining|198 Terahash|198 TH/s|210 units|Antminer|Antminer S19 Pro+ Hyd.|Antspace HK3|Bitcoin|Bitcoin (BTC)|Bitcoin Miners|Bitmain|Bitnile|BTC|BTC miners|BTC Mining Rigs|Greenidge|hydro|Hydro Powered|liquid cooling|Mining Device|Mining Machine|Mining Rig|mining rig manufacturer|Specifications|XP machines,BTC|Mining|Technology
95,2022-01-23,27427076,1642977015,Here’s where Uniswap might be heading after a volatile last quarter,"Uniswap, the decentralized liquidity provision protocol on Ethereum, saw a volatile quarter in the crypto-market last year. With 2022 seeing the market lean towards the bears, what can we expect from Uniswap going forward? A recent report by Messari noted some key parameters for Uniswap in Q4 2021, parameters that marked the end of a [&#8230;]",https://ambcrypto.com/heres-where-uniswap-might-be-heading-after-a-volatile-last-quarter/,https://images.cryptocompare.com/news/default/ambcrypto.png,DeFi|Global News|News|News 1|Social|Trading View|uniswap,ETH|Market|Blockchain
96,2022-01-22,27426921,1642890642,"MANA breaks down below crucial demand zone, can it see further free fall","On the higher timeframes, such as 12-hour and daily, Decentraland was in dangerous territory for the bulls. There simply was not enough price action on the surge from $1 to $2.2 for any significant support levels to be established. In a previous article, it was noted that the $2.4 level of support could be tested [&#8230;]",https://ambcrypto.com/mana-breaks-down-below-crucial-demand-zone-can-it-see-further-free-fall/,https://images.cryptocompare.com/news/default/ambcrypto.png,Altcoins|Analysis|HideCryptopanic|News|News 1|Social|Trading View|Decentraland|MANA Price Prediction,Market|Trading|Altcoin
97,2022-01-22,27426920,1642890626,"While BTC’s Price Slid Lower, a Miner Spent an 11-Year-Old Block Reward from 2010 Worth $1.8M","Following the large string of block rewards from 2010 spent in November 2021, no block rewards from that year were discovered in December and throughout the next month up until January 21. On Friday, an 11-year-old block reward originally mined on November 22, 2010, was transferred for the first time since being idle for more [&#8230;]",https://news.bitcoin.com/while-btcs-price-slid-lower-miner-spent-11-year-old-block-reward-from-2010/,https://images.cryptocompare.com/news/default/bitcoincom.png,Featured|$1.8 Million|11 Year Old Bitcoins|2010 BTC|2010 coins|2010 spend|50 BTC|Bitcoin (BTC)|Bitquery.io|Block reward|block subsidy|Blocks|BTC transfer|Btcparser.com|Coinbase|coinbase reward|data|Decade-Old|Mined|Old Miner|Onchain data|theholyroger.com|visual perspective,Mining|Trading|Sponsored
98,2022-01-21,27426699,1642805582,Marathon Digital: Buy The Dip Before Bitcoin Fear Turns Into Greed,"Marathon Digital Holdings remains one of the top Bitcoin mining companies despite a massive drop in Bitcoin prices.Bitcoin is a historically volatile asset that incurs massive price swings. You will get the best prices on Bitcoin related stocks when Bitcoin fear is at its peak.The company remains on track to deploy 199,000 Bitcoin mining machines by early 2023, making it one of the largest Bitcoin mining companies in the world.",https://seekingalpha.com/article/4480893-marathon-digital-buy-dip-before-bitcoin-fear-turns-into-greed?utm_source=cryptocompare.com&utm_medium=referral,https://images.cryptocompare.com/news/default/seekingalpha.png,,BTC|Mining|Market|Trading
99,2022-01-21,27426698,1642805390,BlackRock Looks to Enter Crypto ETF Arena With Blockchain Fund,World’s largest asset manager manages about $2.4 trillion in ETF assetsThe post BlackRock Looks to Enter Crypto ETF Arena With Blockchain Fund appeared first on Blockworks.,https://blockworks.co/blackrock-files-for-crypto-etf/,https://images.cryptocompare.com/news/default/blockworks.png,Asset Management|BlackRock|blockchain|CFTC|crypto equities|crypto etf|crypto stocks|ETF,Blockchain
100,2022-01-20,27426135,1642719021,"Fed Opens Debate on CBDC, Takes No Policy Stance","The Fed was careful not to take a side in its Central Bank Digital Currency white paper Thursday, which the industry has been waiting for since MayThe post Fed Opens Debate on CBDC, Takes No Policy Stance appeared first on Blockworks.",https://blockworks.co/fed-opens-debate-on-cbdc-takes-no-policy-stance/,https://images.cryptocompare.com/news/default/blockworks.png,Regulation|CBDC|Powell|regulation,Regulation|Fiat
101,2022-01-20,27426136,1642718990,Industry Execs Make Case For Crypto Mining Before Congress,Industry experts insist that a switch to proof-of-stake is not the instant solution many hope it would be The post Industry Execs Make Case For Crypto Mining Before Congress appeared first on Blockworks.,https://blockworks.co/crypto-miners-go-to-congress/,https://images.cryptocompare.com/news/default/blockworks.png,Regulation|congress|crypto mining|lawmakers|Mining|Politics|regulation,Mining|Regulation
102,2022-01-19,27425464,1642632938,Secret Network Offers $400M to Build Privacy Ecosystem,,https://cryptobriefing.com/secret-network-offers-400m-to-build-privacy-ecosystem/?utm_source=main_feed&utm_medium=rss,https://images.cryptocompare.com/news/default/cryptobriefing.png,Business|News|Privacy|Secret Network,Business
103,2022-01-19,27425463,1642632600,9 Million Ether ($ETH) Worth $28 Billion Has Been Deposited Into Ethereum 2.0 Contract,"Over 9 million ETH has been deposited not the Ethereum 2.0 contract ahead of the activation of the most ambitious upgrade of the second-largest cryptocurrency by market cap. The upgrade is expected to improve its economic model, resource usage, and governance. According to data from the Ethereum blockchain, the total amount of ether deposited into […]",https://www.cryptoglobe.com/latest/2022/01/9-million-ether-eth-worth-28-billion-has-been-deposited-into-ethereum-2-0-contract/,https://images.cryptocompare.com/news/cryptoglobe/cMFC69xh6i1.jpeg,Altcoins|Ethereum,ETH|Market|Blockchain|Altcoin
104,2022-01-18,27424799,1642546200,"Most JPMorgan Clients See Bitcoin ($BTC) Surpass $60,000 This Year","Most of JPMorgan’s clients have revealed they see the price of Bitcoin surpass the $60,000 before the end of this year, with 41% saying the cryptocurrency will trade at that level by the end of the year, 9% seeing it above $80,000 and 5% calling for $100,000. According to a note published last week, reported […]",https://www.cryptoglobe.com/latest/2022/01/most-jpmorgan-clients-see-bitcoin-btc-surpass-60000-this-year/,https://images.cryptocompare.com/news/cryptoglobe/d2421xzk2w0.jpeg,Bitcoin,BTC|Trading
105,2022-01-18,27424797,1642545989,SoFi scores conditional approval for bank charter from US regulator,Personal finance company SoFi has won conditional approval in its bid to create a nationally chartered bank.The post SoFi scores conditional approval for bank charter from US regulator appeared first on The Block.,https://www.theblockcrypto.com/linked/130722/sofi-scores-conditional-approval-for-bank-charter-from-us-regulator?utm_source=cryptocompare&utm_medium=rss,https://images.cryptocompare.com/news/default/theblock.png,banking charter|fintech|Impact|OCC|SoFi,Fiat
106,2022-01-17,27424035,1642459800,Cardano ($ADA) Sees Transaction Volume Briefly Surpass That of Ethereum ($ETH) Ahead of DEX Launch,"The transaction volume seen on the Cardano ($ADA) network has briefly surpassed that of the Ethereum ($ETH) blockchain ahead of the launch of a highly-anticipated decentralized exchange on Cardano called SundaeSwap. According to data from Messari, Cardano’s daily transaction volume was at one point above the $7 billion mark, surpassing the daily transactions volume seen […]",https://www.cryptoglobe.com/latest/2022/01/cardano-ada-sees-transaction-volume-briefly-surpass-that-of-ethereum-eth-ahead-of-dex-launch/,https://images.cryptocompare.com/news/cryptoglobe/9qik4G1imAF.jpeg,Altcoins|Cardano,ADA|ETH|Exchange|Blockchain|Altcoin
107,2022-01-17,27424032,1642458633,The A to Z of what’s standing in the way of a Bitcoin Spot ETF in the USA,"A Bitcoin Spot ETF in the USA has been on many wishlists for a while now, but Christmas 2021 did not deliver, leaving potential investors disappointed. What Bitcoin Did podcast host Peter McCormack and Messari founder Ryan Selkis recently discussed the obstacles that they believe are standing in the way of the USA&#8217;s first approved [&#8230;]",https://ambcrypto.com/the-a-to-z-of-whats-standing-in-the-way-of-a-bitcoin-spot-etf-in-the-usa/,https://images.cryptocompare.com/news/default/ambcrypto.png,Bitcoin|BTC Trading View|News|News 1|Social|Trading View|ETF|featured|SEC|what bitcoin did,BTC|Regulation|Business|Sponsored
108,2022-01-16,27423516,1642373376,"This Week on Crypto Twitter: NBA Stars Buy Bitcoin, Vitalik Welcomes Trolls, FWB DAO Ejects a Co-Founder","Eva Longoria sent World of Women NFTs flying after she bought in; Vitalik Buterin polled his followers about altcoins, with surprising results.",https://decrypt.co/90503/andre-iguodala-klay-thompson-bitcoin-vitalik-welcomes-trolls-fwb-dao-suspends-cooper-turley,https://images.cryptocompare.com/news/default/decrypt.png,Business,ETH|BTC|Altcoin|Business
109,2022-01-16,27423514,1642372257,Jack Dorsey’s Payments Company Is ‘Officially Building an Open Bitcoin Mining System’,"In mid-October 2021, Twitter founder Jack Dorsey revealed the payments firm Block Inc. (formally Square) was considering joining the bitcoin mining industry. Three months later, Dorsey tweeted that his firm was &#x201C;officially building an open bitcoin mining system.&#x201D; The Block&#x2019;s Hardware General Manager: &#x2018;We See Bitcoin Mining as a Long-Term Need for a Future That [&#8230;]",https://news.bitcoin.com/jack-dorseys-payments-company-is-officially-building-an-open-bitcoin-mining-system/,https://images.cryptocompare.com/news/default/bitcoincom.png,Mining|Bitcoin (BTC)|Bitcoin mining|Bitcoin mining solutions|bitcoin mining system|Bitcoin software|bitcoin tipping feature|Bitmain|Block Inc.|BTC Mining|BTC Mining Rigs|Canaan|custom silicon|Dorsey|Hardware Tom Templeton|Ipollo|Jack Dorsey|Microbt|Silicon|Silicon development|Square|Square founder|The Block|tipping|Tom Templeton,Mining|BTC
110,2022-01-15,27423252,1642286160,Litecoin To Pave The Way For Alt-Season This Quarter? LTC Price Run To $300 Imminent?,"The post Litecoin To Pave The Way For Alt-Season This Quarter? LTC Price Run To $300 Imminent? appeared first on Coinpedia - Fintech &amp; Cryptocurreny News Media| Crypto GuideThe crypto market has been seeking for a major impetus that could help the space hop onto the bulls. As the business has been dwindling in the midst of corrections. In the interim, veterans from the industry have been speculating the trends to be rhyming from 2017. Successively, Litecoin is now the talk of the &#8230;",https://coinpedia.org/altcoin/litecoin-to-pave-the-way-for-alt-season-this-quarter-ltc-price-run-to-300-imminent/,https://images.cryptocompare.com/news/default/coinpedia.png,Altcoins|Crypto news|cryptocurrency|Litecoin|Price Analysis,LTC|Trading|Market|Altcoin|Business
111,2022-01-15,27423251,1642285858,"Chainlink investors witness first profits in two months, but how long will it last","As the overall market recovery is slowly creeping in, altcoins like Chainlink too are looking at some sort of profits. But as enticing profits draw in new investors, certain other factors also hint towards a future where they might not gain returns as high as they might be expecting. Chainlink on thin ice? For any [&#8230;]",https://ambcrypto.com/chainlink-investors-witness-first-profits-in-two-months-but-how-long-will-it-last/,https://images.cryptocompare.com/news/default/ambcrypto.png,Altcoins|Analysis|Global News|News|News 1|Social|Trading View|chainlink|chainlink integration|Chainlink price rally|LINK,Market|Altcoin|Business
112,2022-01-14,27422840,1642200265,Bitfinex to End Services for Ontario Customers by March,,https://cryptobriefing.com/bitfinex-to-end-services-for-ontario-customers-by-march/?utm_source=main_feed&utm_medium=rss,https://images.cryptocompare.com/news/default/cryptobriefing.png,Business|News|Bitfinex|Crypto Exchanges|Trading,Exchange|Trading|Business
113,2022-01-14,27422836,1642199455,British Lawmakers Say a CBDC Is Likely to Hurt Financial Stability — Digital Pound Benefits Overstated,"According to British lawmakers, a central bank digital currency (CBDC) is likely to raise the cost of borrowing while hurting financial stability. They insist the touted potential advantages of a digital pound are being overstated. Erosion of Privacy British lawmakers have said the use of a central bank digital currency when making regular payments could [&#8230;]",https://news.bitcoin.com/british-lawmakers-say-a-cbdc-is-likely-to-hurt-financial-stability-digital-pound-benefits-overstated/,https://images.cryptocompare.com/news/default/bitcoincom.png,Fintech|Bank of England|British parliament|CBDC|Central Bank|cost of borrowing|digital pound|financial stability|Michael Forsyth|UK Treasury,Fiat|ICO
114,2022-01-13,27421981,1642114362,Market Recap: Bitcoin Slides as Interest Rate Increase Looms,The increase in jobless claims and the Fed's looming rate hikes have put pressure on both traditional and crypto marketsThe post Market Recap: Bitcoin Slides as Interest Rate Increase Looms appeared first on Blockworks.,https://blockworks.co/market-recap-bitcoin-slides-as-interest-rate-increase-looms/,https://images.cryptocompare.com/news/default/blockworks.png,Macro|Markets|Bitcoin|BTC|BTC.D|CPI|cryptocurrency|ETH|ETH/BTC|Ethereum|Fed|Federal Reserve|Inflation|Interest Rates|Jobs,BTC|Market|ETH
115,2022-01-13,27421935,1642114062,Jack Dorsey’s Block Is Building A Bitcoin Mining System,The financial services company has started sketching some plans for solving the industry’s most pressing paint points.,https://bitcoinmagazine.com/business/jack-dorsey-block-is-building-a-bitcoin-mining-system,https://images.cryptocompare.com/news/default/bitcoinmagazine.png,Business|Jack Dorsey|Block|Bitcoin|Bitcoin mining|News,BTC|Mining|Business
116,2022-01-12,27420997,1642028117,"Coinbase Acquiring Derivatives Exchange, Bitcoin Futures Trading to Follow","Coinbase is finalizing the acquisition of CFTC-regulated derivatives exchange FairX, paving the way for crypto futures and options trading on the platform.",https://decrypt.co/90341/coinbase-acquiring-derivatives-exchange-bitcoin-futures-trading,https://images.cryptocompare.com/news/default/decrypt.png,Coins|BTC,BTC|Exchange|Trading
117,2022-01-12,27420993,1642027868,Top 7 Metaverse Crypto Coins Below $7 Million Market Cap to Watch in 2022,"Metaverse Crypto Coins are doing quite well today, with many seeing bullish momentum. There are dozens of underrated Metaverse projects that have yet to blow up. That&#8217;s why we hand-picked our top seven favorite Metaverse crypto coins with a market cap below $7 million, ordered by overall valuation, lowest to highest. ShoeFy (SHOE) &#8211; $600k [&#8230;]The post Top 7 Metaverse Crypto Coins Below $7 Million Market Cap to Watch in 2022 appeared first on NullTX.",https://nulltx.com/top-7-metaverse-crypto-coins-below-7-million-market-cap-to-watch-in-2022/,https://images.cryptocompare.com/news/default/nulltx.png,Featured|metaverse,Market|Trading|Sponsored
118,2022-01-11,27420342,1641941400,$BABYDOGE Community Rallies for Binance Listing After 99% Rise YTD,"Supporters of the meme-inspired cryptocurrency BabyDoge ($BABYDOGE) have been rallying to get the token listed on leading cryptocurrency exchange Binance through a campaign the trading platform launched where it asked users to make wishes in a bid to make some of them come true. In response to the campaign, the BABYDOGE community quickly started asking […]",https://www.cryptoglobe.com/latest/2022/01/babydoge-community-rallies-for-binance-listing-after-99-rise-ytd/,https://images.cryptocompare.com/news/cryptoglobe/c5i9G44Perp.jpeg,Altcoins,Exchange|ICO|Trading|Altcoin
119,2022-01-11,27420340,1641941311,Crypto Prices Are Down While the NFT Market Remains Red Hot. Here’s Why,"Despite cooling crypto prices so far in 2022, NFTs are soaring to potential new heights. What’s causing the divergence?",https://decrypt.co/90228/crypto-prices-down-nft-market-red-hot-ethereum-solana,https://images.cryptocompare.com/news/default/decrypt.png,NFTs|ETH,Market|ETH
120,2022-01-10,27419844,1641855268,The Crypto Company uplists to OTCQB Venture Marketplace,"The Crypto Company (OTCPK:CRCW) uplists from the OTC Pink Sheets to the OTCQB Venture Marketplace. The firm started trading on the OTCQB Venture as of Jan. 10, under the symbol ""CRCW"".",https://seekingalpha.com/news/3786900-the-crypto-company-uplists-to-otcqb-venture-marketplace?utm_source=cryptocompare.com&utm_medium=referral,https://images.cryptocompare.com/news/default/seekingalpha.png,,Trading
121,2022-01-10,27419829,1641854893,Top 5 Underrated Metaverse Crypto Coins With a Market Cap Below $3 Million,"There are hundreds of Metaverse crypto coins on the market right now, and with the number of choices available, it might be hard to figure out which projects are the real deal. This is why we handpicked five underrated Metaverse crypto coins with a market cap below $5 million, ordered by overall valuation, lowest to [&#8230;]The post Top 5 Underrated Metaverse Crypto Coins With a Market Cap Below $3 Million appeared first on NullTX.",https://nulltx.com/top-5-underrated-metaverse-crypto-coins-with-a-market-cap-below-3-million/,https://images.cryptocompare.com/news/default/nulltx.png,Featured|metaverse,Market|Sponsored
122,2022-01-09,27419285,1641767442,Here’s why a full recovery for AAVE could take time despite bullish divergence,"The new year has been relatively better for altcoins which have been doing well against the broader market sentiment. AAVE in particular has seen accelerated growth. The Defi money market platform has come up with a more concrete plan for 2022 focused on usability, aiming to push on-chain activity. AAVE, after revealing plans to launch [&#8230;]",https://ambcrypto.com/heres-why-a-full-recovery-for-aave-could-take-time-despite-bullish-divergence/,https://images.cryptocompare.com/news/default/ambcrypto.png,Altcoins|News|News 1|Social|Trading View|AAVE|Aave Arc,Market|Altcoin|Trading
123,2022-01-09,27419283,1641767426,Mai Capital Predicts Tough Year for Crypto — Expects Bitcoin and Ethereum to Do Well Once Regulations Come Into Focus,"Mai Capital Management&#x2019;s chief equity strategist and regional president, Chris Grisanti, has predicted that this year will be tough for crypto largely due to regulations. However, he expects established cryptocurrencies, such as bitcoin and ether, to &#x201C;do quite well&#x201D; once regulations come into focus. Equity Strategist&#x2019;s Crypto Predictions Mai Capital Management&#x2019;s Chris Grisanti shared his [&#8230;]",https://news.bitcoin.com/mai-capital-predicts-tough-year-for-crypto-bitcoin-ethereum-do-well-once-regulations-come-into-focus/,https://images.cryptocompare.com/news/default/bitcoincom.png,Regulation|bitcoin prediction|crypto prediction|Crypto regulation|cryptocurrency prediction|Cryptocurrency regulation|equity strategist|ether prediction|ethereum prediction|Mai Capital|Mai Capital Management,BTC|Regulation|ETH
124,2022-01-08,27419056,1641682440,"Are MATIC, EGLD, LUNA, And DOT The Altcoins To Hodl For A 3X Surge By Q2 Of 2022?","The post Are MATIC, EGLD, LUNA, And DOT The Altcoins To Hodl For A 3X Surge By Q2 Of 2022? appeared first on Coinpedia - Fintech &amp; Cryptocurreny News Media| Crypto GuideThe cryptoverse’s corrections have paved the way for newer opportunities for older hands. To bag potential coins, which are now up for grabs at slashed rates. In an ocean of&#160; opportunities, which now has emerging projects such as NFTs, Metaverse, and DeFi. Mainstream cryptocurrencies remain the primary priority of savvies. The hunt for capable digital &#8230;",https://coinpedia.org/altcoin/are-matic-egld-luna-and-dot-the-altcoins-to-hodl-for-a-3x-surge-by-q2-of-2022/,https://images.cryptocompare.com/news/default/coinpedia.png,Altcoins|Crypto news|cryptocurrency|DeFi|Price Analysis,Altcoin
125,2022-01-08,27419054,1641681300,5 NFT-based blockchain games that could soar in 2022,"NFTs look ready to rule 2022, and the recent pivot toward NFT utility in P2E gaming could make blockchain gaming this year’s sector darling.",https://cointelegraph.com/news/5-nft-based-blockchain-games-that-could-soar-in-2022,https://images.cryptocompare.com/news/default/cointelegraph.png,Cryptocurrencies|Markets|Market Analysis|Blockchain Game|Gaming,Blockchain|Market
126,2022-01-07,27418789,1641596196,"Andreessen Horowitz Calls For 'Targeted' Regulations for DeFi, Stablecoins and Web3","Following the lead of Coinbase and others, Andreessen Horowitz proposed its own regulatory recommendations for cryptocurrency.",https://decrypt.co/89998/andreessen-horowitz-targeted-regulations-defi-stablecoins-web3,https://images.cryptocompare.com/news/default/decrypt.png,Technology|BTC|ETH|USDT,BTC|ETH|USDT|Technology
127,2022-01-07,27418787,1641595642,Pantera’s Bitcoin Feeder Fund reaches $63.7 million in funding,"Through the Bitcoin Feeder Fund, investors can partake in its Bitcoin Fund, a passive bitcoin tracker that gives investors daily equity. The post Pantera’s Bitcoin Feeder Fund reaches $63.7 million in funding appeared first on The Block.",https://www.theblockcrypto.com/linked/129630/panteras-bitcoin-feeder-fund-reaches-63-7-million-in-funding?utm_source=cryptocompare&utm_medium=rss,https://images.cryptocompare.com/news/default/theblock.png,Investments|bitcoin|Bitcoin Feeder Fund|Bitcoin fund|Funding|Pantera Capital,BTC|Business
128,2022-01-06,27417914,1641509695,Coinbase: Crypto Is Here To Stay,"On April 14, 2021, the cryptocurrency exchange platform Coinbase went public on the Nasdaq with a price of $328.28 per share, giving it a whopping valuation of ​​$85.7 billion.Although the crypto market has seen high uncertainty in the past year, Coinbase stands out as an undervalued stock pick due to strong financials and product growth opportunities.It is clear that crypto is here to stay and Coinbase will benefit tremendously from the rising popularity and acceptance.We rate Coinbase Global, Inc. as a buy with a price target of $399.56, which is a 59.7% upside from the current price of $250.15.",https://seekingalpha.com/article/4478325-coinbase-crypto-is-here-to-stay?utm_source=cryptocompare.com&utm_medium=referral,https://images.cryptocompare.com/news/default/seekingalpha.png,,Trading|Exchange|Market|Business
129,2022-01-06,27417913,1641509439,"GameStop Hires 20-Person Team for Gaming NFT Marketplace, Stock Surges",GameStop stock rose 31% in after-hours trading.,https://decrypt.co/89912/gamestop-hires-20-person-team-gaming-nft-marketplace-stock-surges,https://images.cryptocompare.com/news/default/decrypt.png,Gaming|ETH,Business|ETH|Trading
130,2022-01-05,27417165,1641423496,"Bitcoin, Ethereum and Stock Prices Fall as Fed Readies Interest Rate Hike",The crypto market cap fell by more than 6% and stocks faltered after the Federal Reserve indicated that interest rates may soon rise.,https://decrypt.co/89833/bitcoin-ethereum-stock-prices-fall-fed-readies-interest-rate-hike,https://images.cryptocompare.com/news/default/decrypt.png,Markets|BTC|ETH,Market|BTC|ETH|Fiat|Business
131,2022-01-05,27417114,1641423000,Shiba Inu: 9 Businesses Pledge to Burn $SHIB Using Part of Their Profits,"A total of nine businesses have committed to using part of their profits to burn tokens of the meme-inspired cryptocurrency Shiba Inu ($SHIB) in a bid to reduce its circulating supply. The burns will be conducted by moving funds into the official SHIB burn wallet. As CryptoGlobe reported, in early December only 59% of Shiba […]",https://www.cryptoglobe.com/latest/2022/01/shiba-inu-9-businesses-pledge-to-burn-shib-using-part-of-their-profits/,https://images.cryptocompare.com/news/cryptoglobe/a3KgAg8023g.jpeg,Altcoins|Shiba Inu,ICO|Altcoin
132,2022-01-04,27416442,1641337139,Why DeFi platform WonderFi is acquiring crypto exchange Bitbuy,"Kevin O’Leary explains why WonderFi, a DeFi project he backs, is acquiring Canadian crypto exchange Bitbuy for $162 million.The post Why DeFi platform WonderFi is acquiring crypto exchange Bitbuy appeared first on The Block.",https://www.theblockcrypto.com/post/129232/why-defi-platform-wonderfi-is-acquiring-crypto-exchange-bitbuy?utm_source=cryptocompare&utm_medium=rss,https://images.cryptocompare.com/news/default/theblock.png,Cryptocurrency|DeFi|Bitbuy|Kevin O'Leary|WonderFi,Exchange
133,2022-01-04,27416439,1641336600,"Bitcoin Bull Max Keiser Changes $220,000 Price Prediction to This Year Based on Hashrate ATH","Popular cryptocurrency strategist and former Wall Street trader Max Keiser has reaffirmed he believes the price of bitcoin will hit $220,000, but changed his prediction to this year as his previous prediction, for 2021, ultimately failed to materialize. According to a tweet Keiser published, he believes that the computing power behind the network, the hashrate, […]",https://www.cryptoglobe.com/latest/2022/01/bitcoin-bull-max-keiser-changes-220000-price-prediction-to-this-year-based-on-hashrate-ath/,https://images.cryptocompare.com/news/cryptoglobe/aO8uAW0CYw1.jpeg,Bitcoin,BTC|Trading|Mining
134,2022-01-03,27415926,1641250746,"Grayscale reshuffles its DeFi index, adds Flexa’s AMP","Grayscale is shaking up its DeFi index. The post Grayscale reshuffles its DeFi index, adds Flexa&#8217;s AMP appeared first on The Block.",https://www.theblockcrypto.com/linked/129055/grayscale-reshuffles-its-defi-index-adds-flexas-amp?utm_source=cryptocompare&utm_medium=rss,https://images.cryptocompare.com/news/default/theblock.png,DeFi|grayscale|Impact,Market
135,2022-01-03,27415921,1641250146,Cosmos and Osmosis Surge While Rest of Market Flounders,,https://cryptobriefing.com/cosmos-and-osmosis-surge-while-rest-of-market-flounders/?utm_source=main_feed&utm_medium=rss,https://images.cryptocompare.com/news/default/cryptobriefing.png,Markets|Cosmos|DEX|Osmosis,Market
136,2022-01-02,27415378,1641163574,Crypto Corner: The Sports Slice,"Our team at Bitcoinist hopes you&#8217;ve had a great start to your 2022. Sports and crypto continue to collide, and we look forward to continuing to provide you with a weekly &#8216;slice&#8217; of the action every Sunday with The Sports Slice. Despite the holiday week leading to slower-than-usual headlines, there&#8217;s always some great action to [&#8230;]",https://bitcoinist.com/crypto-corner-the-sports-slice-20/,https://images.cryptocompare.com/news/default/bitcoinist.png,Altcoins|Bitcoin,BTC|Altcoin
137,2022-01-02,27415376,1641162615,Bitcoin: Can the first green candle of 2022 reverse recent losses,"Bitcoin’s entry in the new year is a much-anticipated event and has often left the market surprised. This time, however, the top asset made no major moves. The short-term bearish trajectory persisted and the hopes of a blasting entry in 2022 were met with disappointment. With Bitcoin still at the $47,188 mark, making the first [&#8230;]",https://ambcrypto.com/bitcoin-can-the-first-green-candle-of-2022-reverse-recent-losses/,https://images.cryptocompare.com/news/default/ambcrypto.png,Bitcoin|BTC Trading View|News|News 1|Social|Trading View|bitcoin ath|Bitcoin rally,BTC|Market|Trading
138,2022-01-01,27415182,1641076247,Here’s what this investment analyst predicts for Bitcoin in 2022,"Bitcoin frequently defied expectations in 2021 with both dizzying highs and lows. Naturally, investors might feel like they&#8217;re starting 2022 without a thread to lead them through the maze of what is to come. To that end, investment analyst Anthony Pompliano shared his crypto outlook for 2022, and explained why the new year is changing [&#8230;]",https://ambcrypto.com/heres-what-this-investment-analyst-predicts-for-bitcoin-in-2022/,https://images.cryptocompare.com/news/default/ambcrypto.png,Altcoins|Bitcoin|BTC Trading View|Global News|News|News 1|Social|Trading View|Anthony Pompliano|BTC,BTC|Altcoin|Business
139,2022-01-01,27415179,1641075502,NFTs In A Nutshell: A Weekly Review,"There was a lot of chatter around NFTs from big-time investors this week. However, some think that regulation is on the horizon as we jump into 2022. Meanwhile, a massive NFT art collector has over $2M worth of NFTs stolen, and a heated debate ensued. Sure, it&#8217;s a holiday week, but we&#8217;re still cracking open [&#8230;]",https://bitcoinist.com/nfts-in-a-nutshell-a-weekly-review-36/,https://images.cryptocompare.com/news/default/bitcoinist.png,NFT,Regulation|Business
